 Index	Year	Decade
1	2004	2000
2	2000	2000
3	2001	2000
4	2007	2010
5	2002	2000
6	2004	2000
7	2002	2000
8	2006	2010
9	2004	2000
10	2002	2000
11	2002	2000
12	2003	2000
13	2000	2000
14	2005	2010
15	2007	2010
16	2006	2010
17	2005	2010
18	2005	2010
19	2004	2000
20	2002	2000
21	2005	2010
22	2009	2010
23	2006	2010
24	2004	2000
25	2002	2000
26	2008	2010
27	2007	2010
28	2002	2000
29	2008	2010
30	2004	2000
31	2002	2000
32	2007	2010
33	2008	2010
34	2002	2000
35	2006	2010
36	2009	2010
37	2007	2010
38	2006	2010
39	2002	2000
40	2005	2010
41	2003	2000
42	2009	2010
43	2004	2000
44	2004	2000
45	2003	2000
46	2002	2000
47	2008	2010
48	2004	2000
49	2009	2010
50	2005	2010
51	2009	2010
52	2000	2000
53	2005	2010
54	2008	2010
55	2006	2010
56	2009	2010
57	2004	2000
58	2006	2010
59	2001	2000
60	2008	2010
61	2005	2010
62	2000	2000
63	2008	2010
64	2001	2000
65	2000	2000
66	2004	2000
67	2001	2000
68	2002	2000
69	2004	2000
70	2003	2000
71	2008	2010
72	2002	2000
73	2008	2010
74	2008	2010
75	2009	2010
76	2003	2000
77	2004	2000
78	2007	2010
79	2006	2010
80	2009	2010
81	2002	2000
82	2001	2000
83	2000	2000
84	2004	2000
85	2005	2010
86	2006	2010
87	2007	2010
88	2007	2010
89	2002	2000
90	2002	2000
91	2007	2010
92	2003	2000
93	2006	2010
94	2002	2000
95	2008	2010
96	2009	2010
97	2007	2010
98	2005	2010
99	2002	2000
100	2002	2000
101	2000	2000
102	2008	2010
103	2004	2000
104	2003	2000
105	2003	2000
106	2009	2010
107	2004	2000
108	2009	2010
109	2007	2010
110	2007	2010
111	2006	2010
112	2004	2000
113	2005	2010
114	2002	2000
115	2005	2010
116	2007	2010
117	2001	2000
118	2001	2000
119	2008	2010
120	2009	2010
121	2008	2010
122	2008	2010
123	2009	2010
124	2004	2000
125	2001	2000
126	2003	2000
127	2005	2010
128	2003	2000
129	2006	2010
130	2009	2010
131	2001	2000
132	2001	2000
133	2006	2010
134	2002	2000
135	2001	2000
136	2006	2010
137	2005	2010
138	2001	2000
139	2005	2010
140	2001	2000
141	2009	2010
142	2000	2000
143	2008	2010
144	2000	2000
145	2002	2000
146	2005	2010
147	2004	2000
148	2003	2000
149	2000	2000
150	2007	2010
151	2006	2010
152	2004	2000
153	2007	2010
154	2008	2010
155	2008	2010
156	2002	2000
157	2009	2010
158	2005	2010
159	2004	2000
160	2008	2010
161	2004	2000
162	2001	2000
163	2009	2010
164	2006	2010
165	2009	2010
166	2003	2000
167	2005	2010
168	2007	2010
169	2005	2010
170	2002	2000
171	2001	2000
172	2009	2010
173	2008	2010
174	2008	2010
175	2008	2010
176	2008	2010
177	2000	2000
178	2003	2000
179	2008	2010
180	2004	2000
181	2007	2010
182	2004	2000
183	2003	2000
184	2009	2010
185	2006	2010
186	2008	2010
187	2002	2000
188	2008	2010
189	2001	2000
190	2009	2010
191	2008	2010
192	2006	2010
193	2000	2000
194	2000	2000
195	2001	2000
196	2004	2000
197	2008	2010
198	2006	2010
199	2005	2010
200	2006	2010
201	2002	2000
202	2004	2000
203	2000	2000
204	2006	2010
205	2007	2010
206	2008	2010
207	2008	2010
208	2008	2010
209	2008	2010
210	2007	2010
211	2003	2000
212	2004	2000
213	2004	2000
214	2002	2000
215	2007	2010
216	2001	2000
217	2008	2010
218	2007	2010
219	2001	2000
220	2000	2000
221	2002	2000
222	2006	2010
223	2009	2010
224	2009	2010
225	2009	2010
226	2002	2000
227	2005	2010
228	2003	2000
229	2002	2000
230	2008	2010
231	2005	2010
232	2004	2000
233	2000	2000
234	2000	2000
235	2001	2000
236	2009	2010
237	2004	2000
238	2006	2010
239	2003	2000
240	2000	2000
241	2007	2010
242	2006	2010
243	2008	2010
244	2009	2010
245	2008	2010
246	2007	2010
247	2005	2010
248	2003	2000
249	2006	2010
250	2006	2010
251	2008	2010
252	2001	2000
253	2008	2010
254	2002	2000
255	2004	2000
256	2003	2000
257	2006	2010
258	2008	2010
259	2003	2000
260	2000	2000
261	2002	2000
262	2002	2000
263	2003	2000
264	2006	2010
265	2009	2010
266	2001	2000
267	2003	2000
268	2000	2000
269	2001	2000
270	2002	2000
271	2006	2010
272	2007	2010
273	2005	2010
274	2007	2010
275	2000	2000
276	2003	2000
277	2002	2000
278	2004	2000
279	2005	2010
280	2003	2000
281	2005	2010
282	2005	2010
283	2008	2010
284	2002	2000
285	2004	2000
286	2009	2010
287	2009	2010
288	2001	2000
289	2009	2010
290	2005	2010
291	2006	2010
292	2005	2010
293	2006	2010
294	2002	2000
295	2009	2010
296	2008	2010
297	2005	2010
298	2008	2010
299	2007	2010
300	2002	2000
301	2004	2000
302	2009	2010
303	2005	2010
304	2006	2010
305	2009	2010
306	2008	2010
307	2008	2010
308	2000	2000
309	2000	2000
310	2005	2010
311	2008	2010
312	2007	2010
313	2004	2000
314	2000	2000
315	2004	2000
316	2002	2000
317	2004	2000
318	2002	2000
319	2006	2010
320	2005	2010
321	2006	2010
322	2009	2010
323	2005	2010
324	2008	2010
325	2009	2010
326	2000	2000
327	2005	2010
328	2007	2010
329	2008	2010
330	2000	2000
331	2005	2010
332	2003	2000
333	2006	2010
334	2003	2000
335	2008	2010
336	2000	2000
337	2002	2000
338	2004	2000
339	2009	2010
340	2004	2000
341	2002	2000
342	2005	2010
343	2001	2000
344	2004	2000
345	2006	2010
346	2006	2010
347	2006	2010
348	2005	2010
349	2005	2010
350	2000	2000
351	2002	2000
352	2002	2000
353	2004	2000
354	2008	2010
355	2009	2010
356	2004	2000
357	2004	2000
358	2001	2000
359	2000	2000
360	2007	2010
361	2008	2010
362	2005	2010
363	2007	2010
364	2004	2000
365	2001	2000
366	2007	2010
367	2006	2010
368	2009	2010
369	2007	2010
370	2008	2010
371	2008	2010
372	2000	2000
373	2007	2010
374	2005	2010
375	2009	2010
376	2000	2000
377	2000	2000
378	2005	2010
379	2005	2010
380	2000	2000
381	2001	2000
382	2009	2010
383	2005	2010
384	2009	2010
385	2002	2000
386	2003	2000
387	2001	2000
388	2002	2000
389	2008	2010
390	2007	2010
391	2003	2000
392	2002	2000
393	2009	2010
394	2001	2000
395	2007	2010
396	2006	2010
397	2009	2010
398	2008	2010
399	2004	2000
400	2007	2010
401	2010	2010
402	2010	2010
403	2010	2010
404	2010	2010
405	2010	2010
406	2010	2010
407	2010	2010
408	2010	2010
409	2010	2010
410	2010	2010
411	2010	2010
412	2010	2010
413	2010	2010
414	2010	2010
415	2010	2010
416	2010	2010
417	2010	2010
418	2010	2010
419	2010	2010
420	2010	2010
421	2010	2010
422	2010	2010
423	2010	2010
424	2010	2010
425	2010	2010
426	2010	2010
427	2010	2010
428	2010	2010
429	2010	2010
430	2010	2010
431	2010	2010
432	2010	2010
433	2010	2010
434	2011	2010
435	2011	2010
436	2011	2010
437	2011	2010
438	2011	2010
439	2011	2010
440	2011	2010
441	2011	2010
442	2011	2010
443	2011	2010
444	2011	2010
445	2011	2010
446	2011	2010
447	2011	2010
448	2011	2010
449	2011	2010
450	2011	2010
451	2011	2010
452	2011	2010
453	2011	2010
454	2011	2010
455	2011	2010
456	2011	2010
457	2011	2010
458	2011	2010
459	2011	2010
460	2011	2010
461	2011	2010
462	2011	2010
463	2011	2010
464	2011	2010
465	2011	2010
466	2011	2010
467	2011	2010
468	2011	2010
469	2011	2010
470	2011	2010
471	2011	2010
472	2011	2010
473	2011	2010
474	2011	2010
475	2011	2010
476	2011	2010
477	2011	2010
478	2011	2010
479	2011	2010
480	2012	2010
481	2012	2010
482	2012	2010
483	2012	2010
484	2012	2010
485	2012	2010
486	2012	2010
487	2012	2010
488	2012	2010
489	2012	2010
490	2012	2010
491	2012	2010
492	2012	2010
493	2012	2010
494	2012	2010
495	2012	2010
496	2012	2010
497	2012	2010
498	2012	2010
499	2012	2010
500	2012	2010
501	2012	2010
502	2012	2010
503	2012	2010
504	2012	2010
505	2012	2010
506	2012	2010
507	2012	2010
508	2012	2010
509	2012	2010
510	2012	2010
511	2012	2010
512	2012	2010
513	2012	2010
514	2012	2010
515	2012	2010
516	2012	2010
517	2012	2010
518	2012	2010
519	2012	2010
520	2012	2010
521	2013	2010
522	2013	2010
523	2013	2010
524	2013	2010
525	2013	2010
526	2013	2010
527	2013	2010
528	2013	2010
529	2013	2010
530	2013	2010
531	2013	2010
532	2013	2010
533	2013	2010
534	2013	2010
535	2013	2010
536	2013	2010
537	2013	2010
538	2013	2010
539	2013	2010
540	2013	2010
541	2013	2010
542	2013	2010
543	2013	2010
544	2013	2010
545	2013	2010
546	2013	2010
547	2013	2010
548	2013	2010
549	2013	2010
550	2013	2010
551	2013	2010
552	2013	2010
553	2013	2010
554	2013	2010
555	2013	2010
556	2013	2010
557	2013	2010
558	2013	2010
559	2013	2010
560	2013	2010
561	2013	2010
562	2014	2010
563	2014	2010
564	2014	2010
565	2014	2010
566	2014	2010
567	2014	2010
568	2014	2010
569	2014	2010
570	2014	2010
571	2014	2010
572	2014	2010
573	2014	2010
574	2014	2010
575	2014	2010
576	2014	2010
577	2014	2010
578	2014	2010
579	2014	2010
580	2014	2010
581	2014	2010
582	2014	2010
583	2014	2010
584	2014	2010
585	2014	2010
586	2014	2010
587	2014	2010
588	2014	2010
589	2014	2010
590	2014	2010
591	2014	2010
592	2014	2010
593	2014	2010
594	2014	2010
595	2014	2010
596	2014	2010
597	2014	2010
598	2014	2010
599	2014	2010
600	2014	2010
601	2014	2010
602	2014	2010
603	2014	2010
604	2014	2010
605	2015	2020
606	2015	2020
607	2015	2020
608	2015	2020
609	2015	2020
610	2015	2020
611	2015	2020
612	2015	2020
613	2015	2020
614	2015	2020
615	2015	2020
616	2015	2020
617	2015	2020
618	2015	2020
619	2015	2020
620	2015	2020
621	2015	2020
622	2015	2020
623	2015	2020
624	2015	2020
625	2015	2020
626	2015	2020
627	2015	2020
628	2015	2020
629	2015	2020
630	2015	2020
631	2015	2020
632	2015	2020
633	2015	2020
634	2015	2020
635	2015	2020
636	2015	2020
637	2015	2020
638	2015	2020
639	2015	2020
640	2015	2020
641	2015	2020
642	2015	2020
643	2015	2020
644	2015	2020
645	2015	2020
646	2015	2020
647	2016	2020
648	2016	2020
649	2016	2020
650	2016	2020
651	2016	2020
652	2016	2020
653	2016	2020
654	2016	2020
655	2016	2020
656	2016	2020
657	2016	2020
658	2016	2020
659	2016	2020
660	2016	2020
661	2016	2020
662	2016	2020
663	2016	2020
664	2016	2020
665	2016	2020
666	2016	2020
667	2016	2020
668	2016	2020
669	2016	2020
670	2016	2020
671	2016	2020
672	2016	2020
673	2016	2020
674	2016	2020
675	2016	2020
676	2016	2020
677	2016	2020
678	2016	2020
679	2016	2020
680	2016	2020
681	2016	2020
682	2017	2020
683	2017	2020
684	2017	2020
685	2017	2020
686	2017	2020
687	2017	2020
688	2017	2020
689	2017	2020
690	2017	2020
691	2017	2020
692	2017	2020
693	2017	2020
694	2017	2020
695	2017	2020
696	2017	2020
697	2017	2020
698	2017	2020
699	2017	2020
700	2017	2020
701	2017	2020
702	2017	2020
703	2017	2020
704	2017	2020
705	2017	2020
706	2017	2020
707	2017	2020
708	2017	2020
709	2017	2020
710	2017	2020
711	2017	2020
712	2017	2020
713	2017	2020
714	2017	2020
715	2017	2020
716	2017	2020
717	2017	2020
718	2017	2020
719	2017	2020
720	2017	2020
721	2017	2020
722	2017	2020
723	2017	2020
724	2017	2020
725	2017	2020
726	2017	2020
727	2018	2020
728	2018	2020
729	2018	2020
730	2018	2020
731	2018	2020
732	2018	2020
733	2018	2020
734	2018	2020
735	2018	2020
736	2018	2020
737	2018	2020
738	2018	2020
739	2018	2020
740	2018	2020
741	2018	2020
742	2018	2020
743	2018	2020
744	2018	2020
745	2018	2020
746	2018	2020
747	2018	2020
748	2018	2020
749	2018	2020
750	2018	2020
751	2018	2020
752	2018	2020
753	2018	2020
754	2018	2020
755	2018	2020
756	2018	2020
757	2018	2020
758	2018	2020
759	2018	2020
760	2018	2020
761	2018	2020
762	2018	2020
763	2018	2020
764	2018	2020
765	2018	2020
766	2018	2020
767	2018	2020
768	2018	2020
769	2018	2020
770	2018	2020
771	2018	2020
772	2018	2020
773	2018	2020
774	2018	2020
775	2018	2020
776	2018	2020
777	2018	2020
778	2018	2020
779	2019	2020
780	2019	2020
781	2019	2020
782	2019	2020
783	2019	2020
784	2019	2020
785	2019	2020
786	2019	2020
787	2019	2020
788	2019	2020
789	2019	2020
790	2019	2020
791	2019	2020
792	2019	2020
793	2019	2020
794	2019	2020
795	2019	2020
796	2019	2020
797	2019	2020
798	2019	2020
799	2019	2020
800	1970	1970
801	1970	1970
802	1970	1970
803	1970	1970
804	1970	1970
805	1970	1970
806	1970	1970
807	1970	1970
808	1970	1970
809	1970	1970
810	1970	1970
811	1970	1970
812	1970	1970
813	1970	1970
814	1970	1970
815	1970	1970
816	1970	1970
817	1970	1970
818	1970	1970
819	1970	1970
820	1970	1970
821	1970	1970
822	1970	1970
823	1970	1970
824	1970	1970
825	1970	1970
826	1970	1970
827	1970	1970
828	1970	1970
829	1970	1970
830	1970	1970
831	1970	1970
832	1970	1970
833	1970	1970
834	1970	1970
835	1970	1970
836	1970	1970
837	1970	1970
838	1970	1970
839	1970	1970
840	1971	1970
841	1971	1970
842	1971	1970
843	1971	1970
844	1971	1970
845	1971	1970
846	1971	1970
847	1971	1970
848	1971	1970
849	1971	1970
850	1971	1970
851	1971	1970
852	1971	1970
853	1971	1970
854	1971	1970
855	1971	1970
856	1971	1970
857	1971	1970
858	1971	1970
859	1971	1970
860	1971	1970
861	1971	1970
862	1971	1970
863	1971	1970
864	1971	1970
865	1971	1970
866	1971	1970
867	1971	1970
868	1971	1970
869	1971	1970
870	1971	1970
871	1971	1970
872	1971	1970
873	1971	1970
874	1971	1970
875	1971	1970
876	1971	1970
877	1971	1970
878	1971	1970
879	1971	1970
880	1971	1970
881	1971	1970
882	1971	1970
883	1972	1970
884	1972	1970
885	1972	1970
886	1972	1970
887	1972	1970
888	1972	1970
889	1972	1970
890	1972	1970
891	1972	1970
892	1972	1970
893	1972	1970
894	1972	1970
895	1972	1970
896	1972	1970
897	1972	1970
898	1972	1970
899	1972	1970
900	1972	1970
901	1972	1970
902	1972	1970
903	1972	1970
904	1972	1970
905	1972	1970
906	1972	1970
907	1972	1970
908	1972	1970
909	1972	1970
910	1972	1970
911	1972	1970
912	1973	1970
913	1973	1970
914	1973	1970
915	1973	1970
916	1973	1970
917	1973	1970
918	1973	1970
919	1973	1970
920	1973	1970
921	1973	1970
922	1973	1970
923	1973	1970
924	1973	1970
925	1973	1970
926	1973	1970
927	1973	1970
928	1973	1970
929	1973	1970
930	1973	1970
931	1973	1970
932	1973	1970
933	1973	1970
934	1973	1970
935	1973	1970
936	1973	1970
937	1973	1970
938	1973	1970
939	1973	1970
940	1973	1970
941	1974	1970
942	1974	1970
943	1974	1970
944	1974	1970
945	1974	1970
946	1974	1970
947	1974	1970
948	1974	1970
949	1974	1970
950	1974	1970
951	1974	1970
952	1974	1970
953	1974	1970
954	1974	1970
955	1974	1970
956	1974	1970
957	1974	1970
958	1974	1970
959	1974	1970
960	1974	1970
961	1974	1970
962	1974	1970
963	1974	1970
964	1975	1980
965	1975	1980
966	1975	1980
967	1975	1980
968	1975	1980
969	1975	1980
970	1975	1980
971	1975	1980
972	1975	1980
973	1975	1980
974	1975	1980
975	1975	1980
976	1975	1980
977	1975	1980
978	1975	1980
979	1975	1980
980	1975	1980
981	1975	1980
982	1975	1980
983	1975	1980
984	1975	1980
985	1975	1980
986	1975	1980
987	1975	1980
988	1975	1980
989	1975	1980
990	1975	1980
991	1975	1980
992	1975	1980
993	1975	1980
994	1975	1980
995	1975	1980
996	1975	1980
997	1975	1980
998	1975	1980
999	1975	1980
1000	1976	1980
1001	1976	1980
1002	1976	1980
1003	1976	1980
1004	1976	1980
1005	1976	1980
1006	1976	1980
1007	1976	1980
1008	1976	1980
1009	1976	1980
1010	1976	1980
1011	1976	1980
1012	1976	1980
1013	1976	1980
1014	1976	1980
1015	1976	1980
1016	1976	1980
1017	1976	1980
1018	1976	1980
1019	1976	1980
1020	1976	1980
1021	1976	1980
1022	1976	1980
1023	1976	1980
1024	1976	1980
1025	1976	1980
1026	1976	1980
1027	1976	1980
1028	1976	1980
1029	1976	1980
1030	1976	1980
1031	1977	1980
1032	1977	1980
1033	1977	1980
1034	1977	1980
1035	1977	1980
1036	1977	1980
1037	1977	1980
1038	1977	1980
1039	1977	1980
1040	1977	1980
1041	1977	1980
1042	1977	1980
1043	1977	1980
1044	1977	1980
1045	1977	1980
1046	1977	1980
1047	1977	1980
1048	1977	1980
1049	1977	1980
1050	1977	1980
1051	1977	1980
1052	1977	1980
1053	1977	1980
1054	1977	1980
1055	1977	1980
1056	1977	1980
1057	1977	1980
1058	1977	1980
1059	1977	1980
1060	1977	1980
1061	1977	1980
1062	1977	1980
1063	1977	1980
1064	1977	1980
1065	1977	1980
1066	1977	1980
1067	1977	1980
1068	1977	1980
1069	1977	1980
1070	1977	1980
1071	1977	1980
1072	1977	1980
1073	1977	1980
1074	1977	1980
1075	1977	1980
1076	1977	1980
1077	1977	1980
1078	1977	1980
1079	1977	1980
1080	1977	1980
1081	1977	1980
1082	1978	1980
1083	1978	1980
1084	1978	1980
1085	1978	1980
1086	1978	1980
1087	1978	1980
1088	1978	1980
1089	1978	1980
1090	1978	1980
1091	1978	1980
1092	1978	1980
1093	1978	1980
1094	1978	1980
1095	1978	1980
1096	1978	1980
1097	1978	1980
1098	1978	1980
1099	1978	1980
1100	1978	1980
1101	1978	1980
1102	1978	1980
1103	1978	1980
1104	1978	1980
1105	1978	1980
1106	1978	1980
1107	1978	1980
1108	1978	1980
1109	1978	1980
1110	1978	1980
1111	1978	1980
1112	1978	1980
1113	1979	1980
1114	1979	1980
1115	1979	1980
1116	1979	1980
1117	1979	1980
1118	1979	1980
1119	1979	1980
1120	1979	1980
1121	1979	1980
1122	1979	1980
1123	1979	1980
1124	1979	1980
1125	1979	1980
1126	1979	1980
1127	1979	1980
1128	1979	1980
1129	1979	1980
1130	1979	1980
1131	1979	1980
1132	1979	1980
1133	1979	1980
1134	1979	1980
1135	1979	1980
1136	1979	1980
1137	1979	1980
1138	1979	1980
1139	1979	1980
1140	1979	1980
1141	1979	1980
1142	1979	1980
1143	1979	1980
1144	1979	1980
1145	1979	1980
1146	1979	1980
1147	1979	1980
1148	1979	1980
1149	1979	1980
1150	1979	1980
1151	1979	1980
1152	1979	1980
1153	1980	1980
1154	1980	1980
1155	1980	1980
1156	1980	1980
1157	1980	1980
1158	1980	1980
1159	1980	1980
1160	1980	1980
1161	1980	1980
1162	1980	1980
1163	1980	1980
1164	1980	1980
1165	1980	1980
1166	1980	1980
1167	1980	1980
1168	1980	1980
1169	1980	1980
1170	1980	1980
1171	1980	1980
1172	1980	1980
1173	1980	1980
1174	1980	1980
1175	1980	1980
1176	1980	1980
1177	1980	1980
1178	1980	1980
1179	1980	1980
1180	1980	1980
1181	1980	1980
1182	1980	1980
1183	1980	1980
1184	1980	1980
1185	1980	1980
1186	1980	1980
1187	1980	1980
1188	1980	1980
1189	1980	1980
1190	1981	1980
1191	1981	1980
1192	1981	1980
1193	1981	1980
1194	1981	1980
1195	1981	1980
1196	1981	1980
1197	1981	1980
1198	1981	1980
1199	1981	1980
1200	1981	1980
1201	1981	1980
1202	1981	1980
1203	1981	1980
1204	1981	1980
1205	1982	1980
1206	1982	1980
1207	1982	1980
1208	1982	1980
1209	1982	1980
1210	1982	1980
1211	1982	1980
1212	1982	1980
1213	1982	1980
1214	1982	1980
1215	1982	1980
1216	1982	1980
1217	1982	1980
1218	1982	1980
1219	1982	1980
1220	1982	1980
1221	1982	1980
1222	1982	1980
1223	1982	1980
1224	1982	1980
1225	1982	1980
1226	1982	1980
1227	1982	1980
1228	1982	1980
1229	1982	1980
1230	1982	1980
1231	1982	1980
1232	1982	1980
1233	1982	1980
1234	1982	1980
1235	1982	1980
1236	1982	1980
1237	1983	1980
1238	1983	1980
1239	1983	1980
1240	1983	1980
1241	1983	1980
1242	1983	1980
1243	1983	1980
1244	1983	1980
1245	1983	1980
1246	1983	1980
1247	1983	1980
1248	1983	1980
1249	1983	1980
1250	1983	1980
1251	1983	1980
1252	1983	1980
1253	1983	1980
1254	1983	1980
1255	1983	1980
1256	1983	1980
1257	1983	1980
1258	1983	1980
1259	1983	1980
1260	1983	1980
1261	1983	1980
1262	1983	1980
1263	1983	1980
1264	1983	1980
1265	1983	1980
1266	1983	1980
1267	1984	1980
1268	1984	1980
1269	1984	1980
1270	1984	1980
1271	1984	1980
1272	1984	1980
1273	1984	1980
1274	1984	1980
1275	1984	1980
1276	1984	1980
1277	1984	1980
1278	1984	1980
1279	1984	1980
1280	1984	1980
1281	1984	1980
1282	1984	1980
1283	1984	1980
1284	1984	1980
1285	1984	1980
1286	1984	1980
1287	1984	1980
1288	1984	1980
1289	1984	1980
1290	1984	1980
1291	1984	1980
1292	1984	1980
1293	1984	1980
1294	1984	1980
1295	1984	1980
1296	1984	1980
1297	1984	1980
1298	1984	1980
1299	1984	1980
1300	1984	1980
1301	1984	1980
1302	1984	1980
1303	1984	1980
1304	1984	1980
1305	1984	1980
1306	1984	1980
1307	1984	1980
1308	1984	1980
1309	1984	1980
1310	1984	1980
1311	1985	1990
1312	1985	1990
1313	1985	1990
1314	1985	1990
1315	1985	1990
1316	1985	1990
1317	1985	1990
1318	1985	1990
1319	1985	1990
1320	1985	1990
1321	1985	1990
1322	1985	1990
1323	1985	1990
1324	1985	1990
1325	1985	1990
1326	1985	1990
1327	1985	1990
1328	1985	1990
1329	1985	1990
1330	1985	1990
1331	1985	1990
1332	1985	1990
1333	1985	1990
1334	1985	1990
1335	1985	1990
1336	1985	1990
1337	1985	1990
1338	1985	1990
1339	1985	1990
1340	1985	1990
1341	1985	1990
1342	1985	1990
1343	1985	1990
1344	1985	1990
1345	1986	1990
1346	1986	1990
1347	1986	1990
1348	1986	1990
1349	1986	1990
1350	1986	1990
1351	1986	1990
1352	1986	1990
1353	1986	1990
1354	1986	1990
1355	1986	1990
1356	1986	1990
1357	1986	1990
1358	1986	1990
1359	1986	1990
1360	1986	1990
1361	1986	1990
1362	1986	1990
1363	1986	1990
1364	1986	1990
1365	1986	1990
1366	1986	1990
1367	1986	1990
1368	1986	1990
1369	1986	1990
1370	1986	1990
1371	1986	1990
1372	1986	1990
1373	1986	1990
1374	1986	1990
1375	1986	1990
1376	1986	1990
1377	1986	1990
1378	1986	1990
1379	1986	1990
1380	1986	1990
1381	1986	1990
1382	1986	1990
1383	1986	1990
1384	1986	1990
1385	1986	1990
1386	1986	1990
1387	1987	1990
1388	1987	1990
1389	1987	1990
1390	1987	1990
1391	1987	1990
1392	1987	1990
1393	1987	1990
1394	1987	1990
1395	1987	1990
1396	1987	1990
1397	1987	1990
1398	1987	1990
1399	1987	1990
1400	1987	1990
1401	1987	1990
1402	1987	1990
1403	1987	1990
1404	1987	1990
1405	1987	1990
1406	1987	1990
1407	1987	1990
1408	1987	1990
1409	1987	1990
1410	1987	1990
1411	1987	1990
1412	1987	1990
1413	1987	1990
1414	1987	1990
1415	1987	1990
1416	1987	1990
1417	1987	1990
1418	1987	1990
1419	1987	1990
1420	1987	1990
1421	1987	1990
1422	1987	1990
1423	1987	1990
1424	1987	1990
1425	1987	1990
1426	1987	1990
1427	1987	1990
1428	1987	1990
1429	1987	1990
1430	1987	1990
1431	1987	1990
1432	1987	1990
1433	1988	1990
1434	1988	1990
1435	1988	1990
1436	1988	1990
1437	1988	1990
1438	1988	1990
1439	1988	1990
1440	1988	1990
1441	1988	1990
1442	1988	1990
1443	1988	1990
1444	1988	1990
1445	1988	1990
1446	1988	1990
1447	1988	1990
1448	1988	1990
1449	1988	1990
1450	1988	1990
1451	1988	1990
1452	1988	1990
1453	1988	1990
1454	1988	1990
1455	1988	1990
1456	1988	1990
1457	1988	1990
1458	1988	1990
1459	1988	1990
1460	1988	1990
1461	1988	1990
1462	1988	1990
1463	1989	1990
1464	1989	1990
1465	1989	1990
1466	1989	1990
1467	1989	1990
1468	1989	1990
1469	1989	1990
1470	1989	1990
1471	1989	1990
1472	1989	1990
1473	1989	1990
1474	1989	1990
1475	1989	1990
1476	1989	1990
1477	1989	1990
1478	1989	1990
1479	1989	1990
1480	1989	1990
1481	1989	1990
1482	1989	1990
1483	1989	1990
1484	1989	1990
1485	1989	1990
1486	1989	1990
1487	1989	1990
1488	1989	1990
1489	1989	1990
1490	1989	1990
1491	1989	1990
1492	1989	1990
1493	1989	1990
1494	1989	1990
1495	1989	1990
1496	1989	1990
1497	1990	1990
1498	1990	1990
1499	1990	1990
1500	1990	1990
1501	1990	1990
1502	1990	1990
1503	1990	1990
1504	1990	1990
1505	1990	1990
1506	1990	1990
1507	1990	1990
1508	1990	1990
1509	1990	1990
1510	1990	1990
1511	1990	1990
1512	1990	1990
1513	1990	1990
1514	1990	1990
1515	1990	1990
1516	1991	1990
1517	1991	1990
1518	1991	1990
1519	1991	1990
1520	1991	1990
1521	1991	1990
1522	1991	1990
1523	1991	1990
1524	1991	1990
1525	1991	1990
1526	1991	1990
1527	1991	1990
1528	1991	1990
1529	1991	1990
1530	1991	1990
1531	1991	1990
1532	1991	1990
1533	1991	1990
1534	1991	1990
1535	1991	1990
1536	1991	1990
1537	1991	1990
1538	1991	1990
1539	1991	1990
1540	1991	1990
1541	1991	1990
1542	1991	1990
1543	1991	1990
1544	1991	1990
1545	1991	1990
1546	1991	1990
1547	1991	1990
1548	1991	1990
1549	1991	1990
1550	1991	1990
1551	1991	1990
1552	1991	1990
1553	1991	1990
1554	1991	1990
1555	1991	1990
1556	1991	1990
1557	1991	1990
1558	1991	1990
1559	1991	1990
1560	1991	1990
1561	1991	1990
1562	1991	1990
1563	1991	1990
1564	1991	1990
1565	1991	1990
1566	1991	1990
1567	1991	1990
1568	1992	1990
1569	1992	1990
1570	1992	1990
1571	1992	1990
1572	1992	1990
1573	1992	1990
1574	1992	1990
1575	1992	1990
1576	1992	1990
1577	1992	1990
1578	1992	1990
1579	1992	1990
1580	1992	1990
1581	1992	1990
1582	1992	1990
1583	1992	1990
1584	1992	1990
1585	1992	1990
1586	1992	1990
1587	1992	1990
1588	1992	1990
1589	1992	1990
1590	1992	1990
1591	1992	1990
1592	1992	1990
1593	1992	1990
1594	1992	1990
1595	1992	1990
1596	1992	1990
1597	1992	1990
1598	1992	1990
1599	1992	1990
1600	1992	1990
1601	1992	1990
1602	1992	1990
1603	1993	1990
1604	1993	1990
1605	1993	1990
1606	1993	1990
1607	1993	1990
1608	1993	1990
1609	1993	1990
1610	1993	1990
1611	1993	1990
1612	1993	1990
1613	1993	1990
1614	1993	1990
1615	1993	1990
1616	1993	1990
1617	1993	1990
1618	1993	1990
1619	1993	1990
1620	1993	1990
1621	1993	1990
1622	1993	1990
1623	1993	1990
1624	1993	1990
1625	1993	1990
1626	1993	1990
1627	1993	1990
1628	1993	1990
1629	1993	1990
1630	1993	1990
1631	1994	1990
1632	1994	1990
1633	1994	1990
1634	1994	1990
1635	1994	1990
1636	1994	1990
1637	1994	1990
1638	1994	1990
1639	1994	1990
1640	1994	1990
1641	1994	1990
1642	1994	1990
1643	1994	1990
1644	1994	1990
1645	1994	1990
1646	1994	1990
1647	1994	1990
1648	1994	1990
1649	1994	1990
1650	1994	1990
1651	1994	1990
1652	1994	1990
1653	1994	1990
1654	1994	1990
1655	1994	1990
1656	1995	2000
1657	1995	2000
1658	1995	2000
1659	1995	2000
1660	1995	2000
1661	1995	2000
1662	1995	2000
1663	1995	2000
1664	1995	2000
1665	1995	2000
1666	1995	2000
1667	1995	2000
1668	1995	2000
1669	1995	2000
1670	1995	2000
1671	1995	2000
1672	1995	2000
1673	1995	2000
1674	1995	2000
1675	1995	2000
1676	1995	2000
1677	1995	2000
1678	1995	2000
1679	1995	2000
1680	1995	2000
1681	1995	2000
1682	1995	2000
1683	1995	2000
1684	1995	2000
1685	1995	2000
1686	1995	2000
1687	1995	2000
1688	1995	2000
1689	1995	2000
1690	1995	2000
1691	1995	2000
1692	1995	2000
1693	1995	2000
1694	1995	2000
1695	1996	2000
1696	1996	2000
1697	1996	2000
1698	1996	2000
1699	1996	2000
1700	1996	2000
1701	1996	2000
1702	1996	2000
1703	1996	2000
1704	1996	2000
1705	1996	2000
1706	1996	2000
1707	1996	2000
1708	1996	2000
1709	1996	2000
1710	1996	2000
1711	1996	2000
1712	1996	2000
1713	1996	2000
1714	1996	2000
1715	1996	2000
1716	1996	2000
1717	1996	2000
1718	1996	2000
1719	1997	2000
1720	1997	2000
1721	1997	2000
1722	1997	2000
1723	1997	2000
1724	1997	2000
1725	1997	2000
1726	1997	2000
1727	1997	2000
1728	1997	2000
1729	1997	2000
1730	1997	2000
1731	1997	2000
1732	1997	2000
1733	1997	2000
1734	1997	2000
1735	1997	2000
1736	1997	2000
1737	1997	2000
1738	1997	2000
1739	1997	2000
1740	1997	2000
1741	1997	2000
1742	1997	2000
1743	1997	2000
1744	1997	2000
1745	1997	2000
1746	1997	2000
1747	1997	2000
1748	1997	2000
1749	1997	2000
1750	1997	2000
1751	1997	2000
1752	1997	2000
1753	1997	2000
1754	1998	2000
1755	1998	2000
1756	1998	2000
1757	1998	2000
1758	1998	2000
1759	1998	2000
1760	1998	2000
1761	1998	2000
1762	1998	2000
1763	1998	2000
1764	1998	2000
1765	1998	2000
1766	1998	2000
1767	1998	2000
1768	1998	2000
1769	1998	2000
1770	1998	2000
1771	1998	2000
1772	1998	2000
1773	1998	2000
1774	1998	2000
1775	1998	2000
1776	1998	2000
1777	1998	2000
1778	1998	2000
1779	1998	2000
1780	1998	2000
1781	1998	2000
1782	1998	2000
1783	1998	2000
1784	1998	2000
1785	1998	2000
1786	1998	2000
1787	1998	2000
1788	1998	2000
1789	1998	2000
1790	1998	2000
1791	1998	2000
1792	1998	2000
1793	1998	2000
1794	1998	2000
1795	1998	2000
1796	1998	2000
1797	1998	2000
1798	1998	2000
1799	1999	2000
1800	1999	2000
1801	1999	2000
1802	1999	2000
1803	1999	2000
1804	1999	2000
1805	1999	2000
1806	1999	2000
1807	1999	2000
1808	1999	2000
1809	1999	2000
1810	1999	2000
1811	1999	2000
1812	1999	2000
1813	1999	2000
1814	1999	2000
1815	1999	2000
1816	1999	2000
1817	1999	2000
1818	1999	2000
1819	1999	2000
1820	1999	2000
1821	1999	2000
1822	1999	2000
1823	1999	2000
1824	1999	2000
1825	1999	2000
1826	1999	2000
1827	1999	2000
1828	1960	1960
1829	1961	1960
1830	1962	1960
1831	1962	1960
1832	1962	1960
1833	1963	1960
1834	1963	1960
1835	1963	1960
1836	1963	1960
1837	1963	1960
1838	1963	1960
1839	1963	1960
1840	1964	1960
1841	1964	1960
1842	1964	1960
1843	1964	1960
1844	1964	1960
1845	1964	1960
1846	1964	1960
1847	1964	1960
1848	1964	1960
1849	1965	1970
1850	1965	1970
1851	1965	1970
1852	1965	1970
1853	1965	1970
1854	1965	1970
1855	1965	1970
1856	1965	1970
1857	1965	1970
1858	1965	1970
1859	1965	1970
1860	1965	1970
1861	1965	1970
1862	1965	1970
1863	1965	1970
1864	1966	1970
1865	1966	1970
1866	1966	1970
1867	1966	1970
1868	1966	1970
1869	1966	1970
1870	1966	1970
1871	1966	1970
1872	1966	1970
1873	1966	1970
1874	1966	1970
1875	1966	1970
1876	1966	1970
1877	1966	1970
1878	1966	1970
1879	1966	1970
1880	1966	1970
1881	1966	1970
1882	1966	1970
1883	1966	1970
1884	1967	1970
1885	1967	1970
1886	1967	1970
1887	1967	1970
1888	1967	1970
1889	1967	1970
1890	1967	1970
1891	1967	1970
1892	1967	1970
1893	1967	1970
1894	1967	1970
1895	1967	1970
1896	1967	1970
1897	1967	1970
1898	1967	1970
1899	1967	1970
1900	1967	1970
1901	1967	1970
1902	1967	1970
1903	1967	1970
1904	1967	1970
1905	1967	1970
1906	1967	1970
1907	1967	1970
1908	1967	1970
1909	1967	1970
1910	1967	1970
1911	1967	1970
1912	1967	1970
1913	1967	1970
1914	1967	1970
1915	1967	1970
1916	1967	1970
1917	1967	1970
1918	1967	1970
1919	1967	1970
1920	1967	1970
1921	1968	1970
1922	1968	1970
1923	1968	1970
1924	1968	1970
1925	1968	1970
1926	1968	1970
1927	1968	1970
1928	1968	1970
1929	1968	1970
1930	1968	1970
1931	1968	1970
1932	1968	1970
1933	1968	1970
1934	1968	1970
1935	1968	1970
1936	1968	1970
1937	1968	1970
1938	1968	1970
1939	1968	1970
1940	1968	1970
1941	1968	1970
1942	1968	1970
1943	1968	1970
1944	1968	1970
1945	1968	1970
1946	1968	1970
1947	1968	1970
1948	1969	1970
1949	1969	1970
1950	1969	1970
1951	1969	1970
1952	1969	1970
1953	1969	1970
1954	1969	1970
1955	1969	1970
1956	1969	1970
1957	1969	1970
1958	1969	1970
1959	1969	1970
1960	1969	1970
1961	1969	1970
1962	1969	1970
1963	1969	1970
1964	1969	1970
1965	1969	1970
1966	1969	1970
1967	1969	1970
1968	1969	1970
1969	1969	1970
1970	1969	1970
1971	1969	1970
1972	1969	1970
1973	1969	1970
1974	1969	1970
1975	1969	1970
1976	1969	1970
1977	1969	1970
1978	1969	1970
1979	1969	1970
1980	1969	1970
1981	1969	1970
1982	1969	1970
1983	1969	1970
1984	1969	1970
1985	1969	1970
1986	1956	1960
1987	1958	1960
1988	1958	1960
1989	1958	1960
1990	1958	1960
1991	1958	1960
1992	1959	1960
1993	1959	1960
1994	1959	1960
